# Temperature (K), Pressure (MPa), Density (kg/m3), Volume (m3/kg), Internal Energy (kJ/kg), Enthalpy (kJ/kg), Entropy (J/g*K), Cv (J/g*K), Cp (J/g*K), Sound,Spd. (m/s), Joule-Thomson (K/MPa), Viscosity (Pa*s), Therm. Cond. (W/m*K)
64.712,4,867.69,0.0011525,-149.01,-144.4,2.4529,1.1758,1.9815,1003.2,-0.40978,0.00030014,0.17723
66.274,4,861.47,0.0011608,-145.94,-141.3,2.5002,1.165,1.9829,988.17,-0.40549,0.00027772,0.17375
67.835,4,855.21,0.0011693,-142.88,-138.2,2.5464,1.1544,1.9845,973.26,-0.40086,0.00025762,0.17031
69.397,4,848.89,0.001178,-139.82,-135.1,2.5916,1.1439,1.9864,958.42,-0.39588,0.00023956,0.1669
70.958,4,842.51,0.0011869,-136.75,-132,2.6358,1.1336,1.9887,943.64,-0.3905,0.00022329,0.16353
72.519,4,836.07,0.0011961,-133.68,-128.89,2.6791,1.1236,1.9913,928.9,-0.38469,0.00020859,0.16019
74.081,4,829.56,0.0012055,-130.6,-125.78,2.7215,1.1137,1.9944,914.17,-0.37842,0.00019528,0.15688
75.642,4,822.99,0.0012151,-127.52,-122.66,2.7632,1.1042,1.998,899.44,-0.37164,0.00018321,0.1536
77.204,4,816.35,0.001225,-124.44,-119.54,2.804,1.0948,2.0021,884.7,-0.36432,0.00017222,0.15035
78.765,4,809.63,0.0012351,-121.35,-116.41,2.8442,1.0858,2.0068,869.93,-0.35639,0.0001622,0.14713
80.327,4,802.84,0.0012456,-118.26,-113.27,2.8836,1.0769,2.0122,855.12,-0.34782,0.00015304,0.14394
81.888,4,795.96,0.0012564,-115.15,-110.13,2.9224,1.0684,2.0182,840.25,-0.33854,0.00014464,0.14078
83.449,4,788.99,0.0012674,-112.04,-106.97,2.9606,1.0601,2.0249,825.31,-0.32848,0.00013692,0.13767
85.011,4,781.92,0.0012789,-108.92,-103.8,2.9982,1.052,2.0325,810.29,-0.31758,0.00012981,0.13459
86.572,4,774.76,0.0012907,-105.79,-100.62,3.0353,1.0442,2.0411,795.17,-0.30574,0.00012323,0.13153
88.134,4,767.49,0.001303,-102.64,-97.429,3.0718,1.0366,2.0506,779.94,-0.29288,0.00011715,0.1285
89.695,4,760.1,0.0013156,-99.482,-94.219,3.1079,1.0293,2.0612,764.59,-0.27889,0.00011149,0.12548
91.256,4,752.58,0.0013288,-96.307,-90.992,3.1436,1.0222,2.073,749.1,-0.26365,0.00010622,0.12249
92.818,4,744.93,0.0013424,-93.115,-87.745,3.1789,1.0154,2.0862,733.45,-0.24703,0.00010129,0.11953
94.379,4,737.14,0.0013566,-89.903,-84.476,3.2138,1.0088,2.1009,717.63,-0.22886,9.668E-05,0.11658
95.941,4,729.18,0.0013714,-86.669,-81.183,3.2484,1.0025,2.1173,701.62,-0.20896,9.2345E-05,0.11365
97.502,4,721.05,0.0013869,-83.411,-77.863,3.2828,0.99651,2.1357,685.4,-0.18712,8.8258E-05,0.11074
99.064,4,712.74,0.001403,-80.125,-74.513,3.3168,0.99075,2.1562,668.95,-0.1631,8.4395E-05,0.10785
100.62,4,704.21,0.00142,-76.809,-71.128,3.3507,0.98526,2.1793,652.24,-0.13659,8.0731E-05,0.10497
102.19,4,695.46,0.0014379,-73.457,-67.706,3.3845,0.98008,2.2052,635.25,-0.10727,7.7245E-05,0.10211
103.75,4,686.44,0.0014568,-70.067,-64.24,3.4181,0.97521,2.2345,617.94,-0.074706,7.3917E-05,0.099261
105.31,4,677.15,0.0014768,-66.633,-60.726,3.4518,0.97069,2.2677,600.29,-0.038409,7.0729E-05,0.09642
106.87,4,667.54,0.001498,-63.148,-57.156,3.4854,0.96653,2.3055,582.25,0.0022316,6.7664E-05,0.093586
108.43,4,657.56,0.0015208,-59.606,-53.523,3.5192,0.96278,2.3489,563.78,0.047968,6.4706E-05,0.090755
109.99,4,647.18,0.0015452,-55.998,-49.817,3.5531,0.9595,2.399,544.82,0.099739,6.1839E-05,0.087924
111.55,4,636.32,0.0015715,-52.313,-46.027,3.5873,0.95675,2.4574,525.32,0.15874,5.9049E-05,0.085089
113.12,4,624.91,0.0016002,-48.539,-42.138,3.6219,0.95463,2.5261,505.19,0.22653,5.6321E-05,0.082245
114.68,4,612.86,0.0016317,-44.658,-38.132,3.6571,0.95326,2.6082,484.35,0.30515,5.3637E-05,0.079384
116.24,4,600.04,0.0016666,-40.65,-33.984,3.693,0.95281,2.7078,462.68,0.39739,5.0982E-05,0.076499
117.8,4,586.27,0.0017057,-36.486,-29.663,3.73,0.9535,2.8313,440.02,0.50718,4.8335E-05,0.07358
119.36,4,571.32,0.0017503,-32.126,-25.125,3.7682,0.95566,2.9887,416.18,0.64025,4.5672E-05,0.070616
120.92,4,554.84,0.0018023,-27.513,-20.304,3.8083,0.95981,3.1968,390.86,0.80537,4.296E-05,0.06759
122.48,4,536.29,0.0018646,-22.558,-15.1,3.8511,0.96685,3.4867,363.61,1.0169,4.0155E-05,0.064486
124.05,4,514.77,0.0019426,-17.111,-9.3407,3.8978,0.97845,3.9228,333.74,1.3004,3.7183E-05,0.06129
125.61,4,488.48,0.0020472,-10.883,-2.6942,3.9511,0.99813,4.6663,300.02,1.7074,3.3909E-05,0.058021
127.17,4,453.18,0.0022066,-3.1803,5.6463,4.017,1.0351,6.2544,260.17,2.3629,3.0034E-05,0.054895
128.73,4,394.05,0.0025378,8.4404,18.592,4.1181,1.1219,11.624,210.39,3.6654,2.4629E-05,0.053139
130.29,4,280.12,0.0035699,30.334,44.613,4.319,1.1919,15.943,179.32,6.1076,1.7146E-05,0.046502
131.85,4,223.01,0.0044841,43.632,61.569,4.4484,1.0919,7.5747,185.23,7.1906,1.4582E-05,0.035089
133.41,4,197.09,0.0050737,50.843,71.138,4.5206,1.0277,5.0796,191.07,7.5463,1.3673E-05,0.030009
134.98,4,180.79,0.0055313,55.986,78.111,4.5726,0.98539,3.9719,196.01,7.6637,1.3196E-05,0.027159
136.54,4,168.98,0.005918,60.113,83.785,4.6144,0.95514,3.3479,200.35,7.674,1.2902E-05,0.025321
138.1,4,159.74,0.0062601,63.639,88.679,4.65,0.93223,2.9463,204.26,7.628,1.2708E-05,0.02404
139.66,4,152.18,0.0065711,66.763,93.048,4.6815,0.91412,2.6651,207.86,7.5502,1.2576E-05,0.023103
141.22,4,145.79,0.0068591,69.603,97.039,4.7099,0.89935,2.4567,211.22,7.4537,1.2485E-05,0.022396
142.78,4,140.27,0.0071291,72.228,100.74,4.736,0.88698,2.2956,214.38,7.3461,1.2424E-05,0.021853
144.34,4,135.41,0.0073848,74.685,104.22,4.7603,0.87643,2.167,217.37,7.2322,1.2385E-05,0.02143
145.91,4,131.08,0.0076287,77.009,107.52,4.783,0.86728,2.0619,220.23,7.1148,1.2362E-05,0.021097
147.47,4,127.18,0.0078626,79.222,110.67,4.8045,0.85925,1.9743,222.97,6.9959,1.2353E-05,0.020835
149.03,4,123.64,0.0080881,81.344,113.7,4.8249,0.85213,1.9,225.61,6.8769,1.2355E-05,0.020628
150.59,4,120.39,0.0083062,83.387,116.61,4.8443,0.84576,1.8362,228.15,6.7587,1.2365E-05,0.020467
152.15,4,117.4,0.008518,85.362,119.43,4.863,0.84001,1.7807,230.61,6.6419,1.2383E-05,0.020341
153.71,4,114.63,0.008724,87.28,122.18,4.8809,0.8348,1.732,233,6.5268,1.2407E-05,0.020246
155.27,4,112.04,0.0089251,89.146,124.85,4.8982,0.83005,1.689,235.32,6.4137,1.2437E-05,0.020176
156.84,4,109.63,0.0091215,90.967,127.45,4.9149,0.8257,1.6506,237.58,6.3029,1.2471E-05,0.020127
158.4,4,107.37,0.009314,92.747,130,4.9311,0.8217,1.6161,239.78,6.1944,1.2508E-05,0.020095
159.96,4,105.23,0.0095027,94.491,132.5,4.9468,0.81801,1.5851,241.92,6.0883,1.255E-05,0.020079
161.52,4,103.22,0.009688,96.202,134.95,4.962,0.81459,1.5569,244.02,5.9846,1.2594E-05,0.020075
163.08,4,101.32,0.0098702,97.884,137.36,4.9769,0.81142,1.5312,246.07,5.8833,1.2641E-05,0.020083
164.64,4,99.507,0.01005,99.539,139.74,4.9914,0.80847,1.5077,248.08,5.7844,1.269E-05,0.0201
166.2,4,97.787,0.010226,101.17,142.07,5.0055,0.80571,1.4862,250.05,5.6878,1.2742E-05,0.020125
167.77,4,96.148,0.010401,102.78,144.38,5.0193,0.80314,1.4663,251.98,5.5936,1.2795E-05,0.020158
169.33,4,94.584,0.010573,104.36,146.65,5.0328,0.80073,1.4479,253.88,5.5016,1.285E-05,0.020197
170.89,4,93.088,0.010743,105.93,148.9,5.046,0.79848,1.4309,255.74,5.4119,1.2906E-05,0.020242
172.45,4,91.655,0.01091,107.48,151.12,5.0589,0.79635,1.4151,257.57,5.3243,1.2964E-05,0.020291
174.01,4,90.28,0.011077,109.01,153.32,5.0716,0.79436,1.4004,259.37,5.2388,1.3023E-05,0.020346
175.57,4,88.96,0.011241,110.53,155.5,5.0841,0.79248,1.3866,261.14,5.1553,1.3083E-05,0.020404
177.13,4,87.691,0.011404,112.04,157.65,5.0963,0.7907,1.3737,262.89,5.0739,1.3144E-05,0.020465
178.7,4,86.468,0.011565,113.53,159.79,5.1083,0.78903,1.3616,264.61,4.9943,1.3206E-05,0.02053
180.26,4,85.29,0.011725,115.01,161.9,5.1201,0.78744,1.3503,266.31,4.9166,1.3269E-05,0.020597
181.82,4,84.153,0.011883,116.47,164,5.1317,0.78594,1.3396,267.98,4.8406,1.3333E-05,0.020667
183.38,4,83.055,0.01204,117.93,166.09,5.1431,0.78452,1.3295,269.63,4.7665,1.3397E-05,0.020739
184.94,4,81.994,0.012196,119.37,168.16,5.1543,0.78317,1.32,271.26,4.694,1.3462E-05,0.020813
186.5,4,80.967,0.012351,120.81,170.21,5.1654,0.78188,1.311,272.86,4.6231,1.3527E-05,0.020889
188.06,4,79.972,0.012504,122.23,172.25,5.1763,0.78066,1.3025,274.45,4.5538,1.3593E-05,0.020966
189.63,4,79.008,0.012657,123.65,174.28,5.187,0.7795,1.2944,276.02,4.4861,1.366E-05,0.021046
191.19,4,78.074,0.012808,125.06,176.29,5.1976,0.7784,1.2867,277.57,4.4199,1.3727E-05,0.021126
192.75,4,77.166,0.012959,126.46,178.3,5.208,0.77735,1.2794,279.1,4.355,1.3794E-05,0.021208
194.31,4,76.285,0.013109,127.85,180.29,5.2183,0.77634,1.2725,280.62,4.2916,1.3862E-05,0.02129
195.87,4,75.429,0.013257,129.24,182.27,5.2285,0.77538,1.2659,282.12,4.2295,1.393E-05,0.021374
197.43,4,74.597,0.013405,130.62,184.24,5.2385,0.77446,1.2596,283.61,4.1688,1.3998E-05,0.021459
198.99,4,73.787,0.013553,131.99,186.2,5.2484,0.77359,1.2536,285.07,4.1092,1.4067E-05,0.021545
200.56,4,72.998,0.013699,133.36,188.16,5.2582,0.77275,1.2479,286.53,4.051,1.4136E-05,0.021631
202.12,4,72.23,0.013845,134.72,190.1,5.2679,0.77195,1.2424,287.97,3.9939,1.4205E-05,0.021718
203.68,4,71.482,0.01399,136.08,192.04,5.2774,0.77118,1.2371,289.39,3.9379,1.4274E-05,0.021806
205.24,4,70.752,0.014134,137.43,193.96,5.2868,0.77044,1.2321,290.81,3.8831,1.4344E-05,0.021894
206.8,4,70.041,0.014277,138.77,195.88,5.2961,0.76973,1.2272,292.21,3.8294,1.4413E-05,0.021983
208.36,4,69.346,0.01442,140.12,197.8,5.3054,0.76905,1.2226,293.59,3.7767,1.4483E-05,0.022072
209.92,4,68.668,0.014563,141.45,199.7,5.3145,0.7684,1.2182,294.97,3.725,1.4553E-05,0.022162
211.49,4,68.006,0.014705,142.78,201.6,5.3235,0.76777,1.2139,296.33,3.6744,1.4623E-05,0.022252
213.05,4,67.359,0.014846,144.11,203.49,5.3324,0.76717,1.2098,297.68,3.6247,1.4693E-05,0.022343
214.61,4,66.727,0.014986,145.43,205.38,5.3412,0.76659,1.2058,299.02,3.5759,1.4764E-05,0.022434
216.17,4,66.109,0.015127,146.75,207.26,5.3499,0.76604,1.202,300.35,3.5281,1.4834E-05,0.022525
217.73,4,65.504,0.015266,148.07,209.13,5.3586,0.7655,1.1984,301.67,3.4811,1.4904E-05,0.022617
219.29,4,64.913,0.015405,149.38,211,5.3671,0.76498,1.1948,302.98,3.435,1.4975E-05,0.022709
220.85,4,64.333,0.015544,150.69,212.86,5.3756,0.76448,1.1914,304.28,3.3897,1.5045E-05,0.022801
222.42,4,63.766,0.015682,151.99,214.72,5.384,0.764,1.1881,305.57,3.3452,1.5116E-05,0.022893
223.98,4,63.211,0.01582,153.29,216.57,5.3923,0.76354,1.185,306.85,3.3015,1.5187E-05,0.022986
225.54,4,62.667,0.015957,154.59,218.42,5.4005,0.76309,1.1819,308.12,3.2586,1.5257E-05,0.023079
227.1,4,62.134,0.016094,155.89,220.27,5.4086,0.76266,1.1789,309.38,3.2165,1.5328E-05,0.023171
228.66,4,61.611,0.016231,157.18,222.1,5.4167,0.76224,1.1761,310.63,3.175,1.5399E-05,0.023264
230.22,4,61.099,0.016367,158.47,223.94,5.4247,0.76184,1.1733,311.88,3.1343,1.5469E-05,0.023358
231.78,4,60.596,0.016503,159.76,225.77,5.4326,0.76145,1.1706,313.11,3.0943,1.554E-05,0.023451
233.35,4,60.103,0.016638,161.04,227.59,5.4405,0.76108,1.168,314.34,3.0549,1.5611E-05,0.023544
234.91,4,59.619,0.016773,162.32,229.42,5.4483,0.76071,1.1655,315.56,3.0162,1.5681E-05,0.023638
236.47,4,59.144,0.016908,163.6,231.23,5.456,0.76036,1.1631,316.77,2.9782,1.5752E-05,0.023731
238.03,4,58.678,0.017042,164.88,233.05,5.4636,0.76002,1.1607,317.97,2.9407,1.5823E-05,0.023825
239.59,4,58.22,0.017176,166.15,234.86,5.4712,0.75969,1.1584,319.17,2.9039,1.5893E-05,0.023918
241.15,4,57.77,0.01731,167.43,236.67,5.4787,0.75937,1.1562,320.36,2.8677,1.5964E-05,0.024012
242.71,4,57.329,0.017443,168.7,238.47,5.4862,0.75906,1.1541,321.54,2.832,1.6034E-05,0.024106
244.28,4,56.895,0.017576,169.96,240.27,5.4936,0.75876,1.152,322.71,2.7969,1.6105E-05,0.024199
245.84,4,56.468,0.017709,171.23,242.07,5.5009,0.75848,1.1499,323.88,2.7624,1.6175E-05,0.024293
247.4,4,56.048,0.017842,172.49,243.86,5.5082,0.7582,1.148,325.04,2.7284,1.6246E-05,0.024386
248.96,4,55.636,0.017974,173.76,245.65,5.5154,0.75792,1.146,326.19,2.6949,1.6316E-05,0.024479
250.52,4,55.231,0.018106,175.02,247.44,5.5225,0.75766,1.1442,327.34,2.6619,1.6386E-05,0.024572
252.08,4,54.832,0.018238,176.27,249.22,5.5297,0.7574,1.1424,328.48,2.6295,1.6456E-05,0.024662
253.64,4,54.439,0.018369,177.53,251.01,5.5367,0.75716,1.1406,329.61,2.5975,1.6527E-05,0.024755
255.21,4,54.053,0.0185,178.79,252.79,5.5437,0.75692,1.1389,330.74,2.566,1.6597E-05,0.024851
256.77,4,53.673,0.018631,180.04,254.56,5.5506,0.75668,1.1372,331.86,2.5349,1.6667E-05,0.024946
258.33,4,53.3,0.018762,181.29,256.34,5.5575,0.75646,1.1356,332.98,2.5044,1.6737E-05,0.025041
259.89,4,52.931,0.018892,182.54,258.11,5.5644,0.75624,1.134,334.09,2.4742,1.6807E-05,0.025137
261.45,4,52.569,0.019023,183.79,259.88,5.5712,0.75603,1.1325,335.19,2.4445,1.6876E-05,0.025232
263.01,4,52.212,0.019153,185.04,261.65,5.5779,0.75582,1.131,336.29,2.4153,1.6946E-05,0.025327
264.57,4,51.861,0.019282,186.28,263.41,5.5846,0.75562,1.1295,337.39,2.3864,1.7016E-05,0.025423
266.13,4,51.514,0.019412,187.53,265.17,5.5912,0.75543,1.1281,338.47,2.358,1.7085E-05,0.025518
267.7,4,51.173,0.019541,188.77,266.93,5.5978,0.75524,1.1267,339.56,2.3299,1.7155E-05,0.025613
269.26,4,50.837,0.019671,190.01,268.69,5.6044,0.75506,1.1254,340.63,2.3023,1.7224E-05,0.025708
270.82,4,50.506,0.0198,191.25,270.45,5.6109,0.75488,1.124,341.71,2.275,1.7294E-05,0.025803
272.38,4,50.18,0.019928,192.49,272.2,5.6173,0.75471,1.1228,342.77,2.2481,1.7363E-05,0.025898
273.94,4,49.858,0.020057,193.73,273.95,5.6237,0.75454,1.1215,343.83,2.2216,1.7432E-05,0.025993
275.5,4,49.541,0.020185,194.96,275.7,5.6301,0.75438,1.1203,344.89,2.1954,1.7501E-05,0.026088
277.06,4,49.228,0.020314,196.2,277.45,5.6364,0.75423,1.1191,345.94,2.1696,1.757E-05,0.026182
278.63,4,48.919,0.020442,197.43,279.2,5.6427,0.75407,1.1179,346.99,2.1441,1.7639E-05,0.026277
280.19,4,48.615,0.02057,198.67,280.94,5.649,0.75393,1.1168,348.03,2.119,1.7708E-05,0.026372
281.75,4,48.315,0.020697,199.9,282.69,5.6552,0.75379,1.1157,349.07,2.0942,1.7777E-05,0.026466
283.31,4,48.019,0.020825,201.13,284.43,5.6613,0.75365,1.1146,350.1,2.0697,1.7845E-05,0.026561
284.87,4,47.727,0.020952,202.36,286.17,5.6675,0.75351,1.1135,351.13,2.0455,1.7914E-05,0.026655
286.43,4,47.439,0.02108,203.59,287.91,5.6735,0.75338,1.1125,352.16,2.0217,1.7983E-05,0.026749
287.99,4,47.155,0.021207,204.81,289.64,5.6796,0.75326,1.1115,353.18,1.9981,1.8051E-05,0.026843
289.56,4,46.874,0.021334,206.04,291.38,5.6856,0.75314,1.1105,354.19,1.9749,1.8119E-05,0.026938
291.12,4,46.597,0.021461,207.27,293.11,5.6916,0.75302,1.1095,355.2,1.9519,1.8187E-05,0.027032
292.68,4,46.324,0.021587,208.49,294.84,5.6975,0.75291,1.1086,356.21,1.9292,1.8256E-05,0.027126
294.24,4,46.054,0.021714,209.72,296.57,5.7034,0.7528,1.1077,357.21,1.9069,1.8324E-05,0.02722
295.8,4,45.787,0.02184,210.94,298.3,5.7093,0.75269,1.1068,358.21,1.8847,1.8391E-05,0.027313
297.36,4,45.524,0.021966,212.16,300.03,5.7151,0.75259,1.1059,359.21,1.8629,1.8459E-05,0.027407
298.92,4,45.265,0.022092,213.38,301.75,5.7209,0.75249,1.105,360.2,1.8413,1.8527E-05,0.027501
300.49,4,45.008,0.022218,214.61,303.48,5.7266,0.7524,1.1042,361.18,1.82,1.8595E-05,0.027595
302.05,4,44.754,0.022344,215.83,305.2,5.7323,0.75231,1.1033,362.17,1.799,1.8662E-05,0.027688
303.61,4,44.504,0.02247,217.04,306.92,5.738,0.75222,1.1025,363.14,1.7782,1.873E-05,0.027782
305.17,4,44.257,0.022595,218.26,308.64,5.7437,0.75214,1.1017,364.12,1.7577,1.8797E-05,0.027875
306.73,4,44.012,0.022721,219.48,310.36,5.7493,0.75206,1.101,365.09,1.7374,1.8864E-05,0.027968
308.29,4,43.771,0.022846,220.7,312.08,5.7549,0.75198,1.1002,366.06,1.7173,1.8931E-05,0.028062
309.85,4,43.532,0.022971,221.91,313.8,5.7605,0.7519,1.0995,367.02,1.6975,1.8998E-05,0.028155
311.42,4,43.297,0.023097,223.13,315.52,5.766,0.75183,1.0988,367.98,1.6779,1.9065E-05,0.028248
312.98,4,43.063,0.023222,224.35,317.23,5.7715,0.75177,1.0981,368.94,1.6585,1.9132E-05,0.028341
314.54,4,42.833,0.023346,225.56,318.95,5.7769,0.7517,1.0974,369.89,1.6393,1.9199E-05,0.028434
316.1,4,42.605,0.023471,226.77,320.66,5.7824,0.75164,1.0967,370.84,1.6204,1.9265E-05,0.028527
317.66,4,42.38,0.023596,227.99,322.37,5.7878,0.75158,1.096,371.79,1.6017,1.9332E-05,0.028619
319.22,4,42.158,0.02372,229.2,324.08,5.7931,0.75153,1.0954,372.73,1.5832,1.9398E-05,0.028712
320.78,4,41.938,0.023845,230.41,325.79,5.7985,0.75147,1.0947,373.67,1.5649,1.9465E-05,0.028805
322.35,4,41.72,0.023969,231.62,327.5,5.8038,0.75142,1.0941,374.61,1.5468,1.9531E-05,0.028897
323.91,4,41.505,0.024093,232.83,329.21,5.8091,0.75138,1.0935,375.54,1.5289,1.9597E-05,0.02899
325.47,4,41.292,0.024218,234.04,330.91,5.8143,0.75133,1.0929,376.47,1.5112,1.9663E-05,0.029082
327.03,4,41.082,0.024342,235.25,332.62,5.8196,0.75129,1.0923,377.4,1.4937,1.9729E-05,0.029174
328.59,4,40.874,0.024466,236.46,334.33,5.8248,0.75126,1.0918,378.32,1.4764,1.9795E-05,0.029267
330.15,4,40.668,0.02459,237.67,336.03,5.8299,0.75122,1.0912,379.24,1.4593,1.9861E-05,0.029359
331.71,4,40.464,0.024713,238.88,337.73,5.8351,0.75119,1.0907,380.16,1.4424,1.9926E-05,0.029451
333.28,4,40.263,0.024837,240.09,339.44,5.8402,0.75116,1.0901,381.07,1.4256,1.9992E-05,0.029543
334.84,4,40.063,0.024961,241.3,341.14,5.8453,0.75113,1.0896,381.98,1.4091,2.0057E-05,0.029635
336.4,4,39.866,0.025084,242.5,342.84,5.8504,0.75111,1.0891,382.89,1.3927,2.0122E-05,0.029727
337.96,4,39.671,0.025208,243.71,344.54,5.8554,0.75109,1.0886,383.8,1.3764,2.0188E-05,0.029818
339.52,4,39.478,0.025331,244.92,346.24,5.8604,0.75107,1.0881,384.7,1.3604,2.0253E-05,0.02991
341.08,4,39.286,0.025454,246.12,347.94,5.8654,0.75105,1.0876,385.6,1.3445,2.0318E-05,0.030002
342.64,4,39.097,0.025577,247.33,349.64,5.8704,0.75104,1.0872,386.49,1.3288,2.0383E-05,0.030093
344.21,4,38.91,0.0257,248.53,351.33,5.8753,0.75103,1.0867,387.39,1.3132,2.0448E-05,0.030185
345.77,4,38.725,0.025823,249.74,353.03,5.8803,0.75102,1.0863,388.28,1.2978,2.0512E-05,0.030276
347.33,4,38.541,0.025946,250.94,354.72,5.8851,0.75102,1.0858,389.16,1.2826,2.0577E-05,0.030368
348.89,4,38.359,0.026069,252.14,356.42,5.89,0.75102,1.0854,390.05,1.2675,2.0642E-05,0.030459
350.45,4,38.18,0.026192,253.35,358.11,5.8949,0.75102,1.085,390.93,1.2526,2.0706E-05,0.03055
352.01,4,38.002,0.026315,254.55,359.81,5.8997,0.75102,1.0846,391.81,1.2378,2.077E-05,0.030641
353.57,4,37.825,0.026437,255.75,361.5,5.9045,0.75103,1.0842,392.68,1.2232,2.0835E-05,0.030732
355.14,4,37.651,0.02656,256.95,363.19,5.9093,0.75103,1.0838,393.56,1.2087,2.0899E-05,0.030823
356.7,4,37.478,0.026682,258.16,364.89,5.914,0.75105,1.0834,394.43,1.1943,2.0963E-05,0.030914
358.26,4,37.307,0.026805,259.36,366.58,5.9187,0.75106,1.0831,395.3,1.1801,2.1027E-05,0.031005
359.82,4,37.137,0.026927,260.56,368.27,5.9235,0.75108,1.0827,396.16,1.1661,2.1091E-05,0.031096
361.38,4,36.969,0.02705,261.76,369.96,5.9281,0.75109,1.0823,397.03,1.1522,2.1154E-05,0.031187
362.94,4,36.803,0.027172,262.96,371.65,5.9328,0.75112,1.082,397.89,1.1384,2.1218E-05,0.031278
364.5,4,36.638,0.027294,264.16,373.34,5.9375,0.75114,1.0817,398.75,1.1247,2.1281E-05,0.031368
366.07,4,36.475,0.027416,265.36,375.03,5.9421,0.75117,1.0813,399.6,1.1112,2.1345E-05,0.031459
367.63,4,36.313,0.027538,266.56,376.71,5.9467,0.7512,1.081,400.45,1.0978,2.1408E-05,0.031549
369.19,4,36.153,0.02766,267.76,378.4,5.9513,0.75123,1.0807,401.3,1.0846,2.1472E-05,0.03164
370.75,4,35.995,0.027782,268.96,380.09,5.9558,0.75126,1.0804,402.15,1.0714,2.1535E-05,0.03173
372.31,4,35.837,0.027904,270.16,381.78,5.9604,0.7513,1.0801,403,1.0584,2.1598E-05,0.03182
373.87,4,35.682,0.028026,271.36,383.46,5.9649,0.75134,1.0798,403.84,1.0455,2.1661E-05,0.031911
375.43,4,35.527,0.028147,272.56,385.15,5.9694,0.75138,1.0795,404.68,1.0328,2.1724E-05,0.032001
377,4,35.374,0.028269,273.76,386.83,5.9739,0.75142,1.0792,405.52,1.0201,2.1786E-05,0.032091
378.56,4,35.223,0.028391,274.96,388.52,5.9783,0.75147,1.079,406.35,1.0076,2.1849E-05,0.032181
380.12,4,35.073,0.028512,276.15,390.2,5.9828,0.75152,1.0787,407.19,0.99519,2.1912E-05,0.032271
381.68,4,34.924,0.028634,277.35,391.89,5.9872,0.75157,1.0785,408.02,0.9829,2.1974E-05,0.032361
383.24,4,34.776,0.028755,278.55,393.57,5.9916,0.75163,1.0782,408.85,0.97072,2.2037E-05,0.032451
384.8,4,34.63,0.028876,279.75,395.25,5.996,0.75168,1.078,409.67,0.95865,2.2099E-05,0.032541
386.36,4,34.485,0.028998,280.95,396.94,6.0003,0.75174,1.0777,410.5,0.94669,2.2161E-05,0.032631
387.93,4,34.342,0.029119,282.14,398.62,6.0047,0.75181,1.0775,411.32,0.93483,2.2223E-05,0.032721
389.49,4,34.199,0.02924,283.34,400.3,6.009,0.75187,1.0773,412.14,0.92309,2.2285E-05,0.03281
391.05,4,34.058,0.029362,284.54,401.98,6.0133,0.75194,1.0771,412.96,0.91145,2.2347E-05,0.0329
392.61,4,33.918,0.029483,285.73,403.66,6.0176,0.75201,1.0769,413.77,0.89992,2.2409E-05,0.03299
394.17,4,33.78,0.029604,286.93,405.35,6.0219,0.75208,1.0767,414.58,0.88849,2.2471E-05,0.033079
395.73,4,33.642,0.029725,288.13,407.03,6.0261,0.75215,1.0765,415.39,0.87716,2.2533E-05,0.033169
397.29,4,33.506,0.029846,289.32,408.71,6.0304,0.75223,1.0763,416.2,0.86593,2.2594E-05,0.033258
398.86,4,33.37,0.029967,290.52,410.39,6.0346,0.75231,1.0761,417.01,0.8548,2.2656E-05,0.033348
400.42,4,33.236,0.030088,291.72,412.07,6.0388,0.75239,1.0759,417.81,0.84377,2.2717E-05,0.033437
401.98,4,33.103,0.030208,292.91,413.75,6.043,0.75248,1.0758,418.62,0.83284,2.2778E-05,0.033526
403.54,4,32.972,0.030329,294.11,415.43,6.0472,0.75256,1.0756,419.42,0.822,2.2839E-05,0.033616
405.1,4,32.841,0.03045,295.31,417.11,6.0513,0.75265,1.0754,420.21,0.81126,2.2901E-05,0.033705
406.66,4,32.711,0.030571,296.5,418.79,6.0554,0.75274,1.0753,421.01,0.80061,2.2962E-05,0.033794
408.22,4,32.582,0.030691,297.7,420.47,6.0596,0.75284,1.0751,421.8,0.79005,2.3023E-05,0.033883
409.79,4,32.455,0.030812,298.9,422.14,6.0637,0.75293,1.075,422.59,0.77958,2.3083E-05,0.033972
411.35,4,32.328,0.030933,300.09,423.82,6.0678,0.75303,1.0749,423.38,0.7692,2.3144E-05,0.034061
412.91,4,32.203,0.031053,301.29,425.5,6.0718,0.75313,1.0747,424.17,0.75892,2.3205E-05,0.03415
414.47,4,32.078,0.031174,302.48,427.18,6.0759,0.75324,1.0746,424.96,0.74871,2.3265E-05,0.034239
416.03,4,31.955,0.031294,303.68,428.86,6.0799,0.75334,1.0745,425.74,0.7386,2.3326E-05,0.034328
417.59,4,31.833,0.031414,304.88,430.53,6.084,0.75345,1.0744,426.52,0.72857,2.3386E-05,0.034417
419.15,4,31.711,0.031535,306.07,432.21,6.088,0.75356,1.0743,427.3,0.71863,2.3447E-05,0.034506
420.72,4,31.59,0.031655,307.27,433.89,6.092,0.75368,1.0742,428.08,0.70877,2.3507E-05,0.034595
422.28,4,31.471,0.031775,308.46,435.57,6.0959,0.75379,1.0741,428.85,0.69899,2.3567E-05,0.034684
423.84,4,31.352,0.031896,309.66,437.24,6.0999,0.75391,1.074,429.63,0.68929,2.3627E-05,0.034773
425.4,4,31.235,0.032016,310.86,438.92,6.1038,0.75403,1.0739,430.4,0.67967,2.3687E-05,0.034861
426.96,4,31.118,0.032136,312.05,440.6,6.1078,0.75416,1.0738,431.17,0.67014,2.3747E-05,0.03495
428.52,4,31.002,0.032256,313.25,442.27,6.1117,0.75428,1.0737,431.94,0.66068,2.3807E-05,0.035039
430.08,4,30.887,0.032376,314.44,443.95,6.1156,0.75441,1.0737,432.7,0.6513,2.3866E-05,0.035127
431.64,4,30.773,0.032496,315.64,445.63,6.1195,0.75454,1.0736,433.47,0.642,2.3926E-05,0.035216
433.21,4,30.659,0.032616,316.84,447.3,6.1234,0.75467,1.0735,434.23,0.63277,2.3986E-05,0.035305
434.77,4,30.547,0.032736,318.03,448.98,6.1272,0.75481,1.0735,434.99,0.62362,2.4045E-05,0.035393
436.33,4,30.436,0.032856,319.23,450.65,6.1311,0.75495,1.0734,435.75,0.61454,2.4104E-05,0.035482
437.89,4,30.325,0.032976,320.43,452.33,6.1349,0.75509,1.0734,436.5,0.60554,2.4164E-05,0.03557
439.45,4,30.215,0.033096,321.62,454.01,6.1387,0.75523,1.0733,437.26,0.59661,2.4223E-05,0.035658
441.01,4,30.106,0.033216,322.82,455.68,6.1425,0.75537,1.0733,438.01,0.58775,2.4282E-05,0.035747
442.57,4,29.998,0.033336,324.01,457.36,6.1463,0.75552,1.0733,438.76,0.57896,2.4341E-05,0.035835
444.14,4,29.89,0.033456,325.21,459.03,6.1501,0.75567,1.0732,439.51,0.57024,2.44E-05,0.035924
445.7,4,29.784,0.033575,326.41,460.71,6.1539,0.75582,1.0732,440.26,0.56159,2.4459E-05,0.036012
447.26,4,29.678,0.033695,327.61,462.39,6.1576,0.75597,1.0732,441.01,0.55301,2.4518E-05,0.0361
448.82,4,29.573,0.033815,328.8,464.06,6.1614,0.75613,1.0732,441.75,0.5445,2.4576E-05,0.036189
450.38,4,29.469,0.033934,330,465.74,6.1651,0.75629,1.0731,442.49,0.53606,2.4635E-05,0.036277
451.94,4,29.365,0.034054,331.2,467.41,6.1688,0.75645,1.0731,443.23,0.52768,2.4694E-05,0.036365
453.5,4,29.262,0.034174,332.39,469.09,6.1725,0.75661,1.0731,443.97,0.51937,2.4752E-05,0.036453
455.07,4,29.16,0.034293,333.59,470.76,6.1762,0.75678,1.0731,444.71,0.51112,2.481E-05,0.036541
456.63,4,29.059,0.034413,334.79,472.44,6.1799,0.75694,1.0731,445.45,0.50294,2.4869E-05,0.03663
458.19,4,28.958,0.034532,335.99,474.11,6.1835,0.75711,1.0731,446.18,0.49482,2.4927E-05,0.036718
459.75,4,28.859,0.034652,337.18,475.79,6.1872,0.75729,1.0732,446.91,0.48676,2.4985E-05,0.036806
461.31,4,28.76,0.034771,338.38,477.47,6.1908,0.75746,1.0732,447.64,0.47877,2.5043E-05,0.036894
462.87,4,28.661,0.034891,339.58,479.14,6.1945,0.75764,1.0732,448.37,0.47084,2.5101E-05,0.036982
464.43,4,28.563,0.03501,340.78,480.82,6.1981,0.75782,1.0732,449.1,0.46297,2.5159E-05,0.03707
466,4,28.466,0.035129,341.98,482.49,6.2017,0.758,1.0733,449.82,0.45516,2.5217E-05,0.037158
467.56,4,28.37,0.035249,343.17,484.17,6.2053,0.75818,1.0733,450.55,0.44741,2.5275E-05,0.037246
469.12,4,28.274,0.035368,344.37,485.84,6.2088,0.75836,1.0733,451.27,0.43972,2.5332E-05,0.037334
470.68,4,28.179,0.035487,345.57,487.52,6.2124,0.75855,1.0734,451.99,0.43208,2.539E-05,0.037422
472.24,4,28.085,0.035606,346.77,489.2,6.216,0.75874,1.0734,452.71,0.42451,2.5447E-05,0.03751
473.8,4,27.991,0.035726,347.97,490.87,6.2195,0.75893,1.0735,453.43,0.41699,2.5505E-05,0.037598
475.36,4,27.898,0.035845,349.17,492.55,6.223,0.75913,1.0735,454.14,0.40953,2.5562E-05,0.037686
476.93,4,27.806,0.035964,350.37,494.23,6.2266,0.75932,1.0736,454.86,0.40213,2.5619E-05,0.037774
478.49,4,27.714,0.036083,351.57,495.9,6.2301,0.75952,1.0736,455.57,0.39478,2.5677E-05,0.037862
480.05,4,27.623,0.036202,352.77,497.58,6.2336,0.75972,1.0737,456.28,0.38749,2.5734E-05,0.037949
481.61,4,27.532,0.036321,353.97,499.25,6.2371,0.75992,1.0738,456.99,0.38025,2.5791E-05,0.038037
483.17,4,27.442,0.03644,355.17,500.93,6.2405,0.76013,1.0738,457.7,0.37307,2.5848E-05,0.038125
484.73,4,27.353,0.036559,356.37,502.61,6.244,0.76034,1.0739,458.4,0.36593,2.5905E-05,0.038213
486.29,4,27.264,0.036679,357.57,504.28,6.2475,0.76054,1.074,459.11,0.35886,2.5961E-05,0.038301
487.86,4,27.176,0.036797,358.77,505.96,6.2509,0.76076,1.0741,459.81,0.35183,2.6018E-05,0.038389
489.42,4,27.088,0.036916,359.97,507.64,6.2543,0.76097,1.0741,460.51,0.34486,2.6075E-05,0.038476
490.98,4,27.001,0.037035,361.17,509.32,6.2578,0.76118,1.0742,461.21,0.33794,2.6131E-05,0.038564
492.54,4,26.915,0.037154,362.38,510.99,6.2612,0.7614,1.0743,461.91,0.33107,2.6188E-05,0.038652
494.1,4,26.829,0.037273,363.58,512.67,6.2646,0.76162,1.0744,462.61,0.32424,2.6244E-05,0.03874
495.66,4,26.744,0.037392,364.78,514.35,6.268,0.76184,1.0745,463.3,0.31747,2.6301E-05,0.038827
497.22,4,26.659,0.037511,365.98,516.03,6.2713,0.76206,1.0746,464,0.31075,2.6357E-05,0.038915
498.79,4,26.575,0.03763,367.19,517.7,6.2747,0.76229,1.0747,464.69,0.30408,2.6413E-05,0.039003
500.35,4,26.491,0.037749,368.39,519.38,6.2781,0.76251,1.0748,465.38,0.29746,2.647E-05,0.03909
501.91,4,26.408,0.037867,369.59,521.06,6.2814,0.76274,1.0749,466.07,0.29088,2.6526E-05,0.039178
503.47,4,26.325,0.037986,370.79,522.74,6.2847,0.76297,1.075,466.76,0.28435,2.6582E-05,0.039266
505.03,4,26.243,0.038105,372,524.42,6.2881,0.76321,1.0752,467.45,0.27787,2.6638E-05,0.039353
506.59,4,26.162,0.038224,373.2,526.1,6.2914,0.76344,1.0753,468.13,0.27144,2.6693E-05,0.039441
508.15,4,26.081,0.038342,374.41,527.78,6.2947,0.76368,1.0754,468.82,0.26505,2.6749E-05,0.039528
509.72,4,26,0.038461,375.61,529.46,6.298,0.76392,1.0755,469.5,0.25871,2.6805E-05,0.039616
511.28,4,25.92,0.03858,376.82,531.13,6.3013,0.76416,1.0757,470.18,0.25241,2.6861E-05,0.039704
512.84,4,25.841,0.038698,378.02,532.81,6.3046,0.7644,1.0758,470.86,0.24616,2.6916E-05,0.039791
514.4,4,25.762,0.038817,379.23,534.49,6.3078,0.76464,1.0759,471.54,0.23995,2.6972E-05,0.039879
515.96,4,25.683,0.038936,380.43,536.17,6.3111,0.76489,1.0761,472.22,0.23379,2.7027E-05,0.039966
517.52,4,25.605,0.039054,381.64,537.85,6.3144,0.76514,1.0762,472.89,0.22767,2.7083E-05,0.040054
519.08,4,25.528,0.039173,382.84,539.54,6.3176,0.76539,1.0764,473.57,0.2216,2.7138E-05,0.040142
520.65,4,25.451,0.039291,384.05,541.22,6.3208,0.76564,1.0765,474.24,0.21556,2.7193E-05,0.040229
522.21,4,25.374,0.03941,385.26,542.9,6.3241,0.76589,1.0767,474.91,0.20957,2.7248E-05,0.040317
523.77,4,25.298,0.039528,386.47,544.58,6.3273,0.76615,1.0768,475.58,0.20363,2.7303E-05,0.040404
525.33,4,25.223,0.039647,387.67,546.26,6.3305,0.7664,1.077,476.25,0.19772,2.7358E-05,0.040492
526.89,4,25.148,0.039765,388.88,547.94,6.3337,0.76666,1.0771,476.92,0.19186,2.7413E-05,0.040579
528.45,4,25.073,0.039884,390.09,549.62,6.3369,0.76692,1.0773,477.59,0.18603,2.7468E-05,0.040667
530.01,4,24.999,0.040002,391.3,551.31,6.34,0.76718,1.0775,478.25,0.18025,2.7523E-05,0.040754
531.58,4,24.925,0.04012,392.51,552.99,6.3432,0.76745,1.0776,478.92,0.17451,2.7578E-05,0.040842
533.14,4,24.852,0.040239,393.72,554.67,6.3464,0.76771,1.0778,479.58,0.1688,2.7632E-05,0.040929
534.7,4,24.779,0.040357,394.92,556.35,6.3495,0.76798,1.078,480.24,0.16314,2.7687E-05,0.041017
536.26,4,24.706,0.040476,396.13,558.04,6.3527,0.76825,1.0781,480.9,0.15752,2.7742E-05,0.041104
537.82,4,24.634,0.040594,397.34,559.72,6.3558,0.76852,1.0783,481.56,0.15193,2.7796E-05,0.041191
539.38,4,24.563,0.040712,398.56,561.4,6.3589,0.76879,1.0785,482.22,0.14639,2.7851E-05,0.041279
540.94,4,24.491,0.040831,399.77,563.09,6.362,0.76906,1.0787,482.87,0.14088,2.7905E-05,0.041366
542.51,4,24.421,0.040949,400.98,564.77,6.3652,0.76934,1.0789,483.53,0.13541,2.7959E-05,0.041454
544.07,4,24.35,0.041067,402.19,566.46,6.3683,0.76962,1.079,484.18,0.12998,2.8013E-05,0.041541
545.63,4,24.28,0.041185,403.4,568.14,6.3713,0.7699,1.0792,484.83,0.12458,2.8068E-05,0.041629
547.19,4,24.211,0.041304,404.61,569.83,6.3744,0.77018,1.0794,485.49,0.11922,2.8122E-05,0.041716
548.75,4,24.142,0.041422,405.83,571.51,6.3775,0.77046,1.0796,486.14,0.1139,2.8176E-05,0.041803
550.31,4,24.073,0.04154,407.04,573.2,6.3806,0.77074,1.0798,486.78,0.10862,2.823E-05,0.041891
551.87,4,24.005,0.041658,408.25,574.89,6.3836,0.77103,1.08,487.43,0.10337,2.8284E-05,0.041978
553.44,4,23.937,0.041776,409.47,576.57,6.3867,0.77131,1.0802,488.08,0.098153,2.8337E-05,0.042065
555,4,23.869,0.041895,410.68,578.26,6.3897,0.7716,1.0804,488.72,0.092974,2.8391E-05,0.042153
556.56,4,23.802,0.042013,411.9,579.95,6.3928,0.77189,1.0806,489.37,0.087831,2.8445E-05,0.04224
558.12,4,23.736,0.042131,413.11,581.63,6.3958,0.77218,1.0808,490.01,0.082722,2.8499E-05,0.042328
559.68,4,23.669,0.042249,414.33,583.32,6.3988,0.77247,1.0811,490.65,0.077648,2.8552E-05,0.042415
561.24,4,23.603,0.042367,415.54,585.01,6.4018,0.77277,1.0813,491.29,0.072607,2.8606E-05,0.042502
562.8,4,23.538,0.042485,416.76,586.7,6.4048,0.77306,1.0815,491.93,0.067601,2.8659E-05,0.04259
564.37,4,23.472,0.042603,417.97,588.39,6.4078,0.77336,1.0817,492.57,0.062629,2.8712E-05,0.042677
565.93,4,23.408,0.042721,419.19,590.08,6.4108,0.77366,1.0819,493.2,0.057689,2.8766E-05,0.042764
567.49,4,23.343,0.042839,420.41,591.77,6.4138,0.77395,1.0821,493.84,0.052783,2.8819E-05,0.042852
569.05,4,23.279,0.042957,421.63,593.46,6.4168,0.77426,1.0824,494.47,0.047909,2.8872E-05,0.042939
570.61,4,23.215,0.043075,422.84,595.15,6.4197,0.77456,1.0826,495.11,0.043068,2.8925E-05,0.043026
572.17,4,23.152,0.043193,424.06,596.84,6.4227,0.77486,1.0828,495.74,0.038259,2.8978E-05,0.043114
573.73,4,23.089,0.043311,425.28,598.53,6.4256,0.77517,1.083,496.37,0.033482,2.9031E-05,0.043201
575.3,4,23.026,0.043429,426.5,600.22,6.4286,0.77547,1.0833,497,0.028737,2.9084E-05,0.043288
576.86,4,22.964,0.043547,427.72,601.91,6.4315,0.77578,1.0835,497.63,0.024023,2.9137E-05,0.043375
578.42,4,22.902,0.043665,428.94,603.6,6.4345,0.77609,1.0837,498.26,0.01934,2.919E-05,0.043463
579.98,4,22.84,0.043783,430.16,605.29,6.4374,0.7764,1.084,498.88,0.014689,2.9243E-05,0.04355
581.54,4,22.779,0.043901,431.38,606.99,6.4403,0.77671,1.0842,499.51,0.010067,2.9296E-05,0.043637
583.1,4,22.718,0.044019,432.6,608.68,6.4432,0.77702,1.0845,500.13,0.0054764,2.9348E-05,0.043725
584.66,4,22.657,0.044137,433.83,610.37,6.4461,0.77734,1.0847,500.76,0.00091569,2.9401E-05,0.043812
586.23,4,22.597,0.044255,435.05,612.07,6.449,0.77765,1.085,501.38,-0.0036152,2.9453E-05,0.043899
587.79,4,22.537,0.044372,436.27,613.76,6.4519,0.77797,1.0852,502,-0.0081164,2.9506E-05,0.043986
589.35,4,22.477,0.04449,437.5,615.46,6.4548,0.77829,1.0855,502.62,-0.012588,2.9558E-05,0.044074
590.91,4,22.417,0.044608,438.72,617.15,6.4576,0.7786,1.0857,503.24,-0.017031,2.9611E-05,0.044161
592.47,4,22.358,0.044726,439.94,618.85,6.4605,0.77892,1.086,503.86,-0.021445,2.9663E-05,0.044248
594.03,4,22.3,0.044844,441.17,620.54,6.4634,0.77924,1.0862,504.47,-0.02583,2.9715E-05,0.044335
595.59,4,22.241,0.044961,442.39,622.24,6.4662,0.77957,1.0865,505.09,-0.030186,2.9767E-05,0.044422
597.15,4,22.183,0.045079,443.62,623.94,6.4691,0.77989,1.0867,505.7,-0.034514,2.982E-05,0.04451
598.72,4,22.125,0.045197,444.84,625.63,6.4719,0.78021,1.087,506.32,-0.038815,2.9872E-05,0.044597
600.28,4,22.068,0.045315,446.07,627.33,6.4747,0.78054,1.0872,506.93,-0.043087,2.9924E-05,0.044684
601.84,4,22.011,0.045433,447.3,629.03,6.4775,0.78087,1.0875,507.54,-0.047332,2.9976E-05,0.044771
603.4,4,21.954,0.04555,448.52,630.73,6.4804,0.78119,1.0878,508.15,-0.05155,3.0027E-05,0.044858
604.96,4,21.897,0.045668,449.75,632.42,6.4832,0.78152,1.088,508.76,-0.055741,3.0079E-05,0.044946
606.52,4,21.841,0.045786,450.98,634.12,6.486,0.78185,1.0883,509.37,-0.059904,3.0131E-05,0.045033
608.08,4,21.785,0.045903,452.21,635.82,6.4888,0.78218,1.0886,509.98,-0.064041,3.0183E-05,0.04512
609.65,4,21.729,0.046021,453.44,637.52,6.4916,0.78252,1.0888,510.59,-0.068152,3.0234E-05,0.045207
611.21,4,21.674,0.046139,454.67,639.22,6.4944,0.78285,1.0891,511.19,-0.072236,3.0286E-05,0.045294
612.77,4,21.619,0.046256,455.9,640.92,6.4971,0.78318,1.0894,511.8,-0.076294,3.0338E-05,0.045381
614.33,4,21.564,0.046374,457.13,642.63,6.4999,0.78352,1.0897,512.4,-0.080326,3.0389E-05,0.045468
615.89,4,21.509,0.046492,458.36,644.33,6.5027,0.78385,1.0899,513,-0.084333,3.0441E-05,0.045556
617.45,4,21.455,0.046609,459.59,646.03,6.5054,0.78419,1.0902,513.6,-0.088314,3.0492E-05,0.045643
619.01,4,21.401,0.046727,460.82,647.73,6.5082,0.78453,1.0905,514.2,-0.09227,3.0543E-05,0.04573
620.58,4,21.347,0.046845,462.06,649.43,6.5109,0.78487,1.0908,514.8,-0.096201,3.0595E-05,0.045817
622.14,4,21.294,0.046962,463.29,651.14,6.5137,0.78521,1.0911,515.4,-0.10011,3.0646E-05,0.045904
623.7,4,21.241,0.04708,464.52,652.84,6.5164,0.78555,1.0913,516,-0.10399,3.0697E-05,0.045991
625.26,4,21.188,0.047197,465.76,654.55,6.5191,0.78589,1.0916,516.6,-0.10785,3.0748E-05,0.046078
626.82,4,21.135,0.047315,466.99,656.25,6.5219,0.78623,1.0919,517.19,-0.11168,3.0799E-05,0.046165
628.38,4,21.083,0.047432,468.23,657.96,6.5246,0.78657,1.0922,517.79,-0.11549,3.085E-05,0.046252
629.94,4,21.031,0.04755,469.46,659.66,6.5273,0.78692,1.0925,518.38,-0.11927,3.0901E-05,0.046339
631.51,4,20.979,0.047667,470.7,661.37,6.53,0.78726,1.0928,518.97,-0.12303,3.0952E-05,0.046426
633.07,4,20.927,0.047785,471.93,663.07,6.5327,0.78761,1.0931,519.57,-0.12677,3.1003E-05,0.046513
634.63,4,20.876,0.047902,473.17,664.78,6.5354,0.78795,1.0934,520.16,-0.13048,3.1054E-05,0.0466
636.19,4,20.825,0.04802,474.41,666.49,6.5381,0.7883,1.0937,520.75,-0.13417,3.1104E-05,0.046688
637.75,4,20.774,0.048137,475.65,668.2,6.5408,0.78865,1.094,521.34,-0.13784,3.1155E-05,0.046775
639.31,4,20.723,0.048255,476.88,669.9,6.5434,0.789,1.0943,521.92,-0.14149,3.1206E-05,0.046862
640.87,4,20.673,0.048372,478.12,671.61,6.5461,0.78935,1.0946,522.51,-0.14511,3.1256E-05,0.046949
642.44,4,20.623,0.04849,479.36,673.32,6.5488,0.7897,1.0949,523.1,-0.14871,3.1307E-05,0.047035
644,4,20.573,0.048607,480.6,675.03,6.5514,0.79005,1.0952,523.68,-0.15229,3.1357E-05,0.047122
645.56,4,20.523,0.048725,481.84,676.74,6.5541,0.7904,1.0955,524.27,-0.15584,3.1408E-05,0.047209
647.12,4,20.474,0.048842,483.08,678.45,6.5567,0.79075,1.0958,524.85,-0.15938,3.1458E-05,0.047296
648.68,4,20.425,0.04896,484.33,680.16,6.5594,0.7911,1.0961,525.44,-0.16289,3.1508E-05,0.047383
650.24,4,20.376,0.049077,485.57,681.88,6.562,0.79146,1.0964,526.02,-0.16638,3.1559E-05,0.04747
651.8,4,20.327,0.049194,486.81,683.59,6.5646,0.79181,1.0967,526.6,-0.16985,3.1609E-05,0.047557
653.37,4,20.279,0.049312,488.05,685.3,6.5673,0.79217,1.097,527.18,-0.1733,3.1659E-05,0.047644
654.93,4,20.231,0.049429,489.3,687.01,6.5699,0.79252,1.0973,527.76,-0.17672,3.1709E-05,0.047731
656.49,4,20.183,0.049547,490.54,688.73,6.5725,0.79288,1.0976,528.34,-0.18013,3.1759E-05,0.047818
658.05,4,20.135,0.049664,491.79,690.44,6.5751,0.79324,1.0979,528.92,-0.18351,3.1809E-05,0.047905
659.61,4,20.088,0.049781,493.03,692.16,6.5777,0.79359,1.0982,529.49,-0.18688,3.1859E-05,0.047992
661.17,4,20.041,0.049899,494.28,693.87,6.5803,0.79395,1.0985,530.07,-0.19022,3.1909E-05,0.048079
662.73,4,19.994,0.050016,495.52,695.59,6.5829,0.79431,1.0988,530.64,-0.19354,3.1959E-05,0.048165
664.3,4,19.947,0.050133,496.77,697.3,6.5855,0.79467,1.0991,531.22,-0.19684,3.2009E-05,0.048252
665.86,4,19.9,0.050251,498.02,699.02,6.5881,0.79503,1.0995,531.79,-0.20013,3.2058E-05,0.048339
667.42,4,19.854,0.050368,499.26,700.74,6.5906,0.79539,1.0998,532.36,-0.20339,3.2108E-05,0.048426
668.98,4,19.808,0.050485,500.51,702.45,6.5932,0.79575,1.1001,532.94,-0.20663,3.2158E-05,0.048513
670.54,4,19.762,0.050603,501.76,704.17,6.5958,0.79611,1.1004,533.51,-0.20986,3.2207E-05,0.0486
672.1,4,19.716,0.05072,503.01,705.89,6.5983,0.79647,1.1007,534.08,-0.21306,3.2257E-05,0.048686
673.66,4,19.671,0.050837,504.26,707.61,6.6009,0.79684,1.101,534.65,-0.21625,3.2306E-05,0.048773
675.23,4,19.625,0.050954,505.51,709.33,6.6034,0.7972,1.1014,535.21,-0.21941,3.2356E-05,0.04886
676.79,4,19.58,0.051072,506.76,711.05,6.606,0.79756,1.1017,535.78,-0.22256,3.2405E-05,0.048947
678.35,4,19.535,0.051189,508.01,712.77,6.6085,0.79793,1.102,536.35,-0.22569,3.2455E-05,0.049033
679.91,4,19.491,0.051306,509.26,714.49,6.611,0.79829,1.1023,536.92,-0.22879,3.2504E-05,0.04912
681.47,4,19.446,0.051423,510.52,716.21,6.6136,0.79866,1.1027,537.48,-0.23188,3.2553E-05,0.049207
683.03,4,19.402,0.051541,511.77,717.93,6.6161,0.79902,1.103,538.04,-0.23496,3.2602E-05,0.049293
684.59,4,19.358,0.051658,513.02,719.66,6.6186,0.79939,1.1033,538.61,-0.23801,3.2652E-05,0.04938
686.16,4,19.314,0.051775,514.28,721.38,6.6211,0.79975,1.1036,539.17,-0.24105,3.2701E-05,0.049467
687.72,4,19.271,0.051892,515.53,723.1,6.6236,0.80012,1.104,539.73,-0.24406,3.275E-05,0.049553
689.28,4,19.227,0.05201,516.79,724.83,6.6261,0.80049,1.1043,540.29,-0.24706,3.2799E-05,0.04964
690.84,4,19.184,0.052127,518.04,726.55,6.6286,0.80085,1.1046,540.86,-0.25004,3.2848E-05,0.049727
692.4,4,19.141,0.052244,519.3,728.28,6.6311,0.80122,1.1049,541.42,-0.25301,3.2897E-05,0.049813
693.96,4,19.098,0.052361,520.56,730,6.6336,0.80159,1.1053,541.97,-0.25595,3.2946E-05,0.0499
695.52,4,19.055,0.052478,521.81,731.73,6.6361,0.80196,1.1056,542.53,-0.25888,3.2994E-05,0.049987
697.09,4,19.013,0.052595,523.07,733.45,6.6386,0.80233,1.1059,543.09,-0.26179,3.3043E-05,0.050073
698.65,4,18.971,0.052713,524.33,735.18,6.6411,0.8027,1.1063,543.65,-0.26469,3.3092E-05,0.05016
700.21,4,18.929,0.05283,525.59,736.91,6.6435,0.80307,1.1066,544.2,-0.26757,3.3141E-05,0.050246
701.77,4,18.887,0.052947,526.85,738.64,6.646,0.80344,1.1069,544.76,-0.27043,3.3189E-05,0.050333
703.33,4,18.845,0.053064,528.11,740.36,6.6485,0.80381,1.1072,545.31,-0.27327,3.3238E-05,0.050419
704.89,4,18.804,0.053181,529.37,742.09,6.6509,0.80418,1.1076,545.87,-0.2761,3.3286E-05,0.050506
706.45,4,18.762,0.053298,530.63,743.82,6.6534,0.80455,1.1079,546.42,-0.27891,3.3335E-05,0.050592
708.02,4,18.721,0.053415,531.89,745.55,6.6558,0.80492,1.1082,546.97,-0.2817,3.3383E-05,0.050679
709.58,4,18.68,0.053533,533.15,747.28,6.6583,0.80529,1.1086,547.52,-0.28448,3.3432E-05,0.050765
711.14,4,18.639,0.05365,534.42,749.02,6.6607,0.80566,1.1089,548.07,-0.28724,3.348E-05,0.050852
712.7,4,18.599,0.053767,535.68,750.75,6.6631,0.80603,1.1093,548.62,-0.28999,3.3529E-05,0.050938
714.26,4,18.558,0.053884,536.94,752.48,6.6656,0.8064,1.1096,549.17,-0.29272,3.3577E-05,0.051024
715.82,4,18.518,0.054001,538.21,754.21,6.668,0.80678,1.1099,549.72,-0.29543,3.3625E-05,0.051111
717.38,4,18.478,0.054118,539.47,755.95,6.6704,0.80715,1.1103,550.27,-0.29813,3.3673E-05,0.051197
718.95,4,18.438,0.054235,540.74,757.68,6.6728,0.80752,1.1106,550.82,-0.30081,3.3721E-05,0.051283
720.51,4,18.399,0.054352,542.01,759.41,6.6752,0.80789,1.1109,551.36,-0.30348,3.377E-05,0.05137
722.07,4,18.359,0.054469,543.27,761.15,6.6776,0.80827,1.1113,551.91,-0.30613,3.3818E-05,0.051456
723.63,4,18.32,0.054586,544.54,762.88,6.68,0.80864,1.1116,552.45,-0.30876,3.3866E-05,0.051542
725.19,4,18.28,0.054703,545.81,764.62,6.6824,0.80901,1.112,553,-0.31138,3.3914E-05,0.051629
726.75,4,18.241,0.05482,547.08,766.36,6.6848,0.80939,1.1123,553.54,-0.31399,3.3962E-05,0.051715
728.31,4,18.203,0.054937,548.34,768.09,6.6872,0.80976,1.1126,554.09,-0.31658,3.4009E-05,0.051801
729.88,4,18.164,0.055054,549.61,769.83,6.6896,0.81014,1.113,554.63,-0.31916,3.4057E-05,0.051887
731.44,4,18.125,0.055171,550.88,771.57,6.692,0.81051,1.1133,555.17,-0.32172,3.4105E-05,0.051974
733,4,18.087,0.055288,552.15,773.31,6.6943,0.81088,1.1137,555.71,-0.32427,3.4153E-05,0.05206
734.56,4,18.049,0.055405,553.43,775.05,6.6967,0.81126,1.114,556.25,-0.3268,3.4201E-05,0.052146
736.12,4,18.011,0.055522,554.7,776.79,6.6991,0.81163,1.1143,556.79,-0.32931,3.4248E-05,0.052232
737.68,4,17.973,0.055639,555.97,778.53,6.7014,0.81201,1.1147,557.33,-0.33182,3.4296E-05,0.052318
739.24,4,17.935,0.055756,557.24,780.27,6.7038,0.81238,1.115,557.87,-0.33431,3.4343E-05,0.052404
740.81,4,17.898,0.055873,558.52,782.01,6.7061,0.81275,1.1154,558.41,-0.33678,3.4391E-05,0.052491
742.37,4,17.86,0.05599,559.79,783.75,6.7085,0.81313,1.1157,558.94,-0.33924,3.4438E-05,0.052577
743.93,4,17.823,0.056107,561.06,785.49,6.7108,0.8135,1.116,559.48,-0.34169,3.4486E-05,0.052663
745.49,4,17.786,0.056224,562.34,787.24,6.7132,0.81388,1.1164,560.01,-0.34412,3.4533E-05,0.052749
747.05,4,17.749,0.056341,563.61,788.98,6.7155,0.81425,1.1167,560.55,-0.34654,3.4581E-05,0.052835
748.61,4,17.712,0.056458,564.89,790.72,6.7178,0.81463,1.1171,561.08,-0.34895,3.4628E-05,0.052921
750.17,4,17.676,0.056575,566.17,792.47,6.7202,0.815,1.1174,561.62,-0.35134,3.4675E-05,0.053007
751.74,4,17.639,0.056692,567.45,794.21,6.7225,0.81538,1.1178,562.15,-0.35372,3.4723E-05,0.053093
753.3,4,17.603,0.056809,568.72,795.96,6.7248,0.81575,1.1181,562.68,-0.35608,3.477E-05,0.053179
754.86,4,17.567,0.056926,570,797.7,6.7271,0.81613,1.1185,563.21,-0.35844,3.4817E-05,0.053265
756.42,4,17.531,0.057043,571.28,799.45,6.7294,0.8165,1.1188,563.75,-0.36078,3.4864E-05,0.05335
757.98,4,17.495,0.05716,572.56,801.2,6.7318,0.81688,1.1191,564.28,-0.3631,3.4911E-05,0.053436
759.54,4,17.459,0.057277,573.84,802.95,6.7341,0.81725,1.1195,564.81,-0.36541,3.4958E-05,0.053522
761.1,4,17.424,0.057393,575.12,804.69,6.7364,0.81763,1.1198,565.33,-0.36771,3.5005E-05,0.053608
762.66,4,17.388,0.05751,576.4,806.44,6.7387,0.818,1.1202,565.86,-0.37,3.5052E-05,0.053694
764.23,4,17.353,0.057627,577.68,808.19,6.7409,0.81838,1.1205,566.39,-0.37228,3.5099E-05,0.05378
765.79,4,17.318,0.057744,578.97,809.94,6.7432,0.81875,1.1209,566.92,-0.37454,3.5146E-05,0.053865
767.35,4,17.283,0.057861,580.25,811.69,6.7455,0.81913,1.1212,567.44,-0.37679,3.5193E-05,0.053951
768.91,4,17.248,0.057978,581.53,813.44,6.7478,0.8195,1.1216,567.97,-0.37902,3.524E-05,0.054037
770.47,4,17.213,0.058095,582.82,815.2,6.7501,0.81988,1.1219,568.5,-0.38125,3.5286E-05,0.054123
772.03,4,17.179,0.058212,584.1,816.95,6.7523,0.82025,1.1223,569.02,-0.38346,3.5333E-05,0.054208
773.59,4,17.144,0.058328,585.39,818.7,6.7546,0.82063,1.1226,569.55,-0.38566,3.538E-05,0.054294
775.16,4,17.11,0.058445,586.67,820.45,6.7569,0.821,1.123,570.07,-0.38785,3.5426E-05,0.05438
776.72,4,17.076,0.058562,587.96,822.21,6.7591,0.82138,1.1233,570.59,-0.39002,3.5473E-05,0.054465
778.28,4,17.042,0.058679,589.25,823.96,6.7614,0.82175,1.1237,571.11,-0.39219,3.5519E-05,0.054551
779.84,4,17.008,0.058796,590.53,825.72,6.7636,0.82212,1.124,571.64,-0.39434,3.5566E-05,0.054636
781.4,4,16.974,0.058913,591.82,827.47,6.7659,0.8225,1.1244,572.16,-0.39648,3.5612E-05,0.054722
782.96,4,16.941,0.05903,593.11,829.23,6.7681,0.82287,1.1247,572.68,-0.39861,3.5659E-05,0.054807
784.52,4,16.907,0.059146,594.4,830.98,6.7704,0.82325,1.125,573.2,-0.40073,3.5705E-05,0.054893
786.09,4,16.874,0.059263,595.69,832.74,6.7726,0.82362,1.1254,573.72,-0.40283,3.5752E-05,0.054978
787.65,4,16.841,0.05938,596.98,834.5,6.7748,0.82399,1.1257,574.24,-0.40492,3.5798E-05,0.055064
789.21,4,16.808,0.059497,598.27,836.26,6.7771,0.82437,1.1261,574.75,-0.40701,3.5844E-05,0.055149
790.77,4,16.775,0.059614,599.56,838.01,6.7793,0.82474,1.1264,575.27,-0.40908,3.5891E-05,0.055235
792.33,4,16.742,0.05973,600.85,839.77,6.7815,0.82511,1.1268,575.79,-0.41114,3.5937E-05,0.05532
793.89,4,16.709,0.059847,602.14,841.53,6.7837,0.82549,1.1271,576.31,-0.41319,3.5983E-05,0.055405
795.45,4,16.677,0.059964,603.44,843.29,6.786,0.82586,1.1275,576.82,-0.41522,3.6029E-05,0.055491
797.02,4,16.644,0.060081,604.73,845.05,6.7882,0.82623,1.1278,577.34,-0.41725,3.6075E-05,0.055576
798.58,4,16.612,0.060198,606.03,846.82,6.7904,0.82661,1.1282,577.85,-0.41927,3.6121E-05,0.055661
800.14,4,16.58,0.060314,607.32,848.58,6.7926,0.82698,1.1285,578.37,-0.42127,3.6167E-05,0.055747
801.7,4,16.548,0.060431,608.62,850.34,6.7948,0.82735,1.1289,578.88,-0.42326,3.6213E-05,0.055832
803.26,4,16.516,0.060548,609.91,852.1,6.797,0.82772,1.1292,579.39,-0.42525,3.6259E-05,0.055917
804.82,4,16.484,0.060665,611.21,853.87,6.7992,0.82809,1.1296,579.91,-0.42722,3.6305E-05,0.056002
806.38,4,16.452,0.060781,612.5,855.63,6.8014,0.82847,1.1299,580.42,-0.42918,3.6351E-05,0.056087
807.95,4,16.421,0.060898,613.8,857.39,6.8035,0.82884,1.1303,580.93,-0.43113,3.6397E-05,0.056172
809.51,4,16.389,0.061015,615.1,859.16,6.8057,0.82921,1.1306,581.44,-0.43308,3.6442E-05,0.056258
811.07,4,16.358,0.061132,616.4,860.93,6.8079,0.82958,1.131,581.95,-0.43501,3.6488E-05,0.056343
812.63,4,16.327,0.061248,617.7,862.69,6.8101,0.82995,1.1313,582.46,-0.43693,3.6534E-05,0.056428
814.19,4,16.296,0.061365,619,864.46,6.8123,0.83032,1.1317,582.97,-0.43884,3.658E-05,0.056513
815.75,4,16.265,0.061482,620.3,866.23,6.8144,0.83069,1.132,583.48,-0.44074,3.6625E-05,0.056598
817.31,4,16.234,0.061598,621.6,867.99,6.8166,0.83106,1.1323,583.99,-0.44263,3.6671E-05,0.056683
818.88,4,16.203,0.061715,622.9,869.76,6.8188,0.83143,1.1327,584.49,-0.44451,3.6716E-05,0.056768
820.44,4,16.173,0.061832,624.2,871.53,6.8209,0.8318,1.133,585,-0.44638,3.6762E-05,0.056853
822,4,16.142,0.061949,625.51,873.3,6.8231,0.83217,1.1334,585.51,-0.44824,3.6807E-05,0.056937
823.56,4,16.112,0.062065,626.81,875.07,6.8252,0.83254,1.1337,586.01,-0.45009,3.6853E-05,0.057022
825.12,4,16.082,0.062182,628.11,876.84,6.8274,0.83291,1.1341,586.52,-0.45193,3.6898E-05,0.057107
826.68,4,16.052,0.062299,629.42,878.61,6.8295,0.83328,1.1344,587.03,-0.45376,3.6944E-05,0.057192
828.24,4,16.022,0.062415,630.72,880.38,6.8317,0.83364,1.1348,587.53,-0.45558,3.6989E-05,0.057277
829.81,4,15.992,0.062532,632.03,882.15,6.8338,0.83401,1.1351,588.03,-0.45739,3.7034E-05,0.057361
831.37,4,15.962,0.062649,633.33,883.93,6.8359,0.83438,1.1355,588.54,-0.45919,3.708E-05,0.057446
832.93,4,15.932,0.062765,634.64,885.7,6.8381,0.83475,1.1358,589.04,-0.46099,3.7125E-05,0.057531
834.49,4,15.903,0.062882,635.95,887.47,6.8402,0.83511,1.1362,589.54,-0.46277,3.717E-05,0.057616
836.05,4,15.873,0.062999,637.25,889.25,6.8423,0.83548,1.1365,590.04,-0.46454,3.7215E-05,0.0577
837.61,4,15.844,0.063116,638.56,891.02,6.8444,0.83585,1.1368,590.55,-0.46631,3.7261E-05,0.057785
839.17,4,15.815,0.063232,639.87,892.8,6.8465,0.83621,1.1372,591.05,-0.46806,3.7306E-05,0.057869
840.74,4,15.786,0.063349,641.18,894.57,6.8487,0.83658,1.1375,591.55,-0.46981,3.7351E-05,0.057954
842.3,4,15.757,0.063466,642.49,896.35,6.8508,0.83695,1.1379,592.05,-0.47155,3.7396E-05,0.058039
843.86,4,15.728,0.063582,643.8,898.13,6.8529,0.83731,1.1382,592.55,-0.47328,3.7441E-05,0.058123
845.42,4,15.699,0.063699,645.11,899.91,6.855,0.83768,1.1386,593.05,-0.475,3.7486E-05,0.058207
846.98,4,15.67,0.063815,646.42,901.68,6.8571,0.83804,1.1389,593.54,-0.47671,3.7531E-05,0.058292
848.54,4,15.642,0.063932,647.73,903.46,6.8592,0.8384,1.1393,594.04,-0.47841,3.7576E-05,0.058376
850.1,4,15.613,0.064049,649.05,905.24,6.8613,0.83877,1.1396,594.54,-0.4801,3.762E-05,0.058461
851.67,4,15.585,0.064165,650.36,907.02,6.8634,0.83913,1.1399,595.04,-0.48179,3.7665E-05,0.058545
853.23,4,15.556,0.064282,651.67,908.8,6.8655,0.8395,1.1403,595.53,-0.48346,3.771E-05,0.058629
854.79,4,15.528,0.064399,652.99,910.58,6.8675,0.83986,1.1406,596.03,-0.48513,3.7755E-05,0.058714
856.35,4,15.5,0.064515,654.3,912.36,6.8696,0.84022,1.141,596.52,-0.48679,3.7799E-05,0.058798
857.91,4,15.472,0.064632,655.62,914.15,6.8717,0.84058,1.1413,597.02,-0.48844,3.7844E-05,0.058882
859.47,4,15.444,0.064748,656.93,915.93,6.8738,0.84095,1.1417,597.51,-0.49008,3.7889E-05,0.058966
861.03,4,15.417,0.064865,658.25,917.71,6.8758,0.84131,1.142,598.01,-0.49171,3.7933E-05,0.059051
862.6,4,15.389,0.064982,659.57,919.49,6.8779,0.84167,1.1423,598.5,-0.49334,3.7978E-05,0.059135
864.16,4,15.361,0.065098,660.88,921.28,6.88,0.84203,1.1427,598.99,-0.49495,3.8023E-05,0.059219
865.72,4,15.334,0.065215,662.2,923.06,6.882,0.84239,1.143,599.49,-0.49656,3.8067E-05,0.059303
867.28,4,15.307,0.065331,663.52,924.85,6.8841,0.84275,1.1434,599.98,-0.49816,3.8112E-05,0.059387
868.84,4,15.279,0.065448,664.84,926.63,6.8862,0.84311,1.1437,600.47,-0.49975,3.8156E-05,0.059471
870.4,4,15.252,0.065565,666.16,928.42,6.8882,0.84347,1.1441,600.96,-0.50134,3.8201E-05,0.059555
871.96,4,15.225,0.065681,667.48,930.21,6.8903,0.84383,1.1444,601.45,-0.50291,3.8245E-05,0.059639
873.53,4,15.198,0.065798,668.8,931.99,6.8923,0.84419,1.1447,601.94,-0.50448,3.8289E-05,0.059723
875.09,4,15.171,0.065914,670.12,933.78,6.8944,0.84454,1.1451,602.43,-0.50604,3.8334E-05,0.059807
876.65,4,15.144,0.066031,671.44,935.57,6.8964,0.8449,1.1454,602.92,-0.50759,3.8378E-05,0.059891
878.21,4,15.118,0.066148,672.77,937.36,6.8984,0.84526,1.1458,603.41,-0.50914,3.8422E-05,0.059975
879.77,4,15.091,0.066264,674.09,939.15,6.9005,0.84562,1.1461,603.9,-0.51067,3.8466E-05,0.060058
881.33,4,15.065,0.066381,675.41,940.94,6.9025,0.84597,1.1464,604.39,-0.5122,3.8511E-05,0.060142
882.89,4,15.038,0.066497,676.74,942.73,6.9045,0.84633,1.1468,604.87,-0.51372,3.8555E-05,0.060226
884.46,4,15.012,0.066614,678.06,944.52,6.9066,0.84668,1.1471,605.36,-0.51524,3.8599E-05,0.06031
886.02,4,14.986,0.06673,679.39,946.31,6.9086,0.84704,1.1474,605.85,-0.51674,3.8643E-05,0.060393
887.58,4,14.96,0.066847,680.71,948.1,6.9106,0.84739,1.1478,606.33,-0.51824,3.8687E-05,0.060477
889.14,4,14.934,0.066963,682.04,949.89,6.9126,0.84775,1.1481,606.82,-0.51973,3.8731E-05,0.060561
890.7,4,14.908,0.06708,683.37,951.69,6.9146,0.8481,1.1485,607.3,-0.52122,3.8775E-05,0.060644
892.26,4,14.882,0.067197,684.69,953.48,6.9167,0.84846,1.1488,607.79,-0.52269,3.8819E-05,0.060728
893.82,4,14.856,0.067313,686.02,955.27,6.9187,0.84881,1.1491,608.27,-0.52416,3.8863E-05,0.060811
895.39,4,14.83,0.06743,687.35,957.07,6.9207,0.84916,1.1495,608.76,-0.52562,3.8907E-05,0.060895
896.95,4,14.805,0.067546,688.68,958.86,6.9227,0.84952,1.1498,609.24,-0.52708,3.8951E-05,0.060978
898.51,4,14.779,0.067663,690.01,960.66,6.9247,0.84987,1.1501,609.72,-0.52852,3.8995E-05,0.061062
900.07,4,14.754,0.067779,691.34,962.45,6.9267,0.85022,1.1505,610.2,-0.52996,3.9038E-05,0.061145
901.63,4,14.728,0.067896,692.67,964.25,6.9287,0.85057,1.1508,610.69,-0.5314,3.9082E-05,0.061229
903.19,4,14.703,0.068012,694,966.05,6.9307,0.85092,1.1511,611.17,-0.53282,3.9126E-05,0.061312
904.75,4,14.678,0.068129,695.33,967.85,6.9326,0.85127,1.1515,611.65,-0.53424,3.917E-05,0.061395
906.32,4,14.653,0.068245,696.66,969.64,6.9346,0.85162,1.1518,612.13,-0.53565,3.9213E-05,0.061479
907.88,4,14.628,0.068362,698,971.44,6.9366,0.85197,1.1521,612.61,-0.53706,3.9257E-05,0.061562
909.44,4,14.603,0.068478,699.33,973.24,6.9386,0.85232,1.1525,613.09,-0.53846,3.9301E-05,0.061645
911,4,14.578,0.068595,700.66,975.04,6.9406,0.85267,1.1528,613.57,-0.53985,3.9344E-05,0.061728
912.56,4,14.554,0.068711,702,976.84,6.9425,0.85301,1.1531,614.05,-0.54123,3.9388E-05,0.061811
914.12,4,14.529,0.068828,703.33,978.64,6.9445,0.85336,1.1535,614.53,-0.54261,3.9431E-05,0.061894
915.68,4,14.504,0.068944,704.67,980.44,6.9465,0.85371,1.1538,615.01,-0.54398,3.9475E-05,0.061978
917.25,4,14.48,0.069061,706,982.25,6.9485,0.85406,1.1541,615.48,-0.54535,3.9518E-05,0.062061
918.81,4,14.456,0.069177,707.34,984.05,6.9504,0.8544,1.1545,615.96,-0.5467,3.9562E-05,0.062144
920.37,4,14.431,0.069294,708.68,985.85,6.9524,0.85475,1.1548,616.44,-0.54805,3.9605E-05,0.062227
921.93,4,14.407,0.06941,710.01,987.65,6.9543,0.85509,1.1551,616.91,-0.5494,3.9649E-05,0.06231
923.49,4,14.383,0.069527,711.35,989.46,6.9563,0.85544,1.1554,617.39,-0.55074,3.9692E-05,0.062392
925.05,4,14.359,0.069643,712.69,991.26,6.9582,0.85578,1.1558,617.87,-0.55207,3.9735E-05,0.062475
926.61,4,14.335,0.06976,714.03,993.07,6.9602,0.85612,1.1561,618.34,-0.55339,3.9779E-05,0.062558
928.17,4,14.311,0.069876,715.37,994.87,6.9621,0.85647,1.1564,618.82,-0.55471,3.9822E-05,0.062641
929.74,4,14.287,0.069993,716.71,996.68,6.9641,0.85681,1.1568,619.29,-0.55603,3.9865E-05,0.062724
931.3,4,14.263,0.070109,718.05,998.49,6.966,0.85715,1.1571,619.76,-0.55733,3.9908E-05,0.062807
932.86,4,14.24,0.070226,719.39,1000.3,6.968,0.85749,1.1574,620.24,-0.55863,3.9951E-05,0.062889
934.42,4,14.216,0.070342,720.73,1002.1,6.9699,0.85784,1.1577,620.71,-0.55993,3.9995E-05,0.062972
935.98,4,14.193,0.070458,722.07,1003.9,6.9718,0.85818,1.1581,621.18,-0.56121,4.0038E-05,0.063055
937.54,4,14.169,0.070575,723.42,1005.7,6.9738,0.85852,1.1584,621.66,-0.56249,4.0081E-05,0.063137
939.1,4,14.146,0.070691,724.76,1007.5,6.9757,0.85886,1.1587,622.13,-0.56377,4.0124E-05,0.06322
940.67,4,14.123,0.070808,726.1,1009.3,6.9776,0.8592,1.159,622.6,-0.56504,4.0167E-05,0.063302
942.23,4,14.1,0.070924,727.45,1011.1,6.9795,0.85953,1.1594,623.07,-0.5663,4.021E-05,0.063385
943.79,4,14.076,0.071041,728.79,1013,6.9815,0.85987,1.1597,623.54,-0.56756,4.0253E-05,0.063467
945.35,4,14.053,0.071157,730.14,1014.8,6.9834,0.86021,1.16,624.01,-0.56881,4.0296E-05,0.06355
946.91,4,14.03,0.071274,731.48,1016.6,6.9853,0.86055,1.1603,624.48,-0.57006,4.0339E-05,0.063632
948.47,4,14.008,0.07139,732.83,1018.4,6.9872,0.86089,1.1607,624.95,-0.57129,4.0382E-05,0.063715
950.03,4,13.985,0.071506,734.18,1020.2,6.9891,0.86122,1.161,625.42,-0.57253,4.0424E-05,0.063797
951.6,4,13.962,0.071623,735.52,1022,6.991,0.86156,1.1613,625.89,-0.57376,4.0467E-05,0.063879
953.16,4,13.939,0.071739,736.87,1023.8,6.9929,0.86189,1.1616,626.36,-0.57498,4.051E-05,0.063962
954.72,4,13.917,0.071856,738.22,1025.6,6.9948,0.86223,1.162,626.83,-0.57619,4.0553E-05,0.064044
956.28,4,13.894,0.071972,739.57,1027.5,6.9967,0.86256,1.1623,627.29,-0.5774,4.0596E-05,0.064126
957.84,4,13.872,0.072089,740.92,1029.3,6.9986,0.8629,1.1626,627.76,-0.57861,4.0638E-05,0.064208
959.4,4,13.849,0.072205,742.27,1031.1,7.0005,0.86323,1.1629,628.23,-0.57981,4.0681E-05,0.06429
960.96,4,13.827,0.072321,743.62,1032.9,7.0024,0.86356,1.1632,628.69,-0.581,4.0724E-05,0.064372
962.53,4,13.805,0.072438,744.97,1034.7,7.0043,0.86389,1.1636,629.16,-0.58219,4.0766E-05,0.064454
964.09,4,13.783,0.072554,746.32,1036.5,7.0062,0.86423,1.1639,629.63,-0.58337,4.0809E-05,0.064536
965.65,4,13.761,0.072671,747.67,1038.4,7.0081,0.86456,1.1642,630.09,-0.58455,4.0852E-05,0.064618
967.21,4,13.739,0.072787,749.03,1040.2,7.0099,0.86489,1.1645,630.56,-0.58572,4.0894E-05,0.0647
968.77,4,13.717,0.072903,750.38,1042,7.0118,0.86522,1.1648,631.02,-0.58689,4.0937E-05,0.064782
970.33,4,13.695,0.07302,751.73,1043.8,7.0137,0.86555,1.1651,631.49,-0.58805,4.0979E-05,0.064864
971.89,4,13.673,0.073136,753.09,1045.6,7.0156,0.86588,1.1655,631.95,-0.5892,4.1022E-05,0.064946
973.46,4,13.651,0.073253,754.44,1047.5,7.0174,0.8662,1.1658,632.41,-0.59035,4.1064E-05,0.065028
975.02,4,13.63,0.073369,755.79,1049.3,7.0193,0.86653,1.1661,632.88,-0.5915,4.1106E-05,0.06511
976.58,4,13.608,0.073485,757.15,1051.1,7.0212,0.86686,1.1664,633.34,-0.59264,4.1149E-05,0.065191
978.14,4,13.587,0.073602,758.51,1052.9,7.023,0.86719,1.1667,633.8,-0.59377,4.1191E-05,0.065273
979.7,4,13.565,0.073718,759.86,1054.7,7.0249,0.86751,1.167,634.26,-0.5949,4.1233E-05,0.065355
981.26,4,13.544,0.073835,761.22,1056.6,7.0268,0.86784,1.1673,634.72,-0.59602,4.1276E-05,0.065437
982.82,4,13.522,0.073951,762.58,1058.4,7.0286,0.86817,1.1677,635.19,-0.59714,4.1318E-05,0.065518
984.39,4,13.501,0.074067,763.94,1060.2,7.0305,0.86849,1.168,635.65,-0.59825,4.136E-05,0.0656
985.95,4,13.48,0.074184,765.29,1062,7.0323,0.86881,1.1683,636.11,-0.59936,4.1402E-05,0.065681
987.51,4,13.459,0.0743,766.65,1063.9,7.0342,0.86914,1.1686,636.57,-0.60046,4.1445E-05,0.065763
989.07,4,13.438,0.074416,768.01,1065.7,7.036,0.86946,1.1689,637.03,-0.60156,4.1487E-05,0.065844
990.63,4,13.417,0.074533,769.37,1067.5,7.0379,0.86978,1.1692,637.49,-0.60266,4.1529E-05,0.065926
992.19,4,13.396,0.074649,770.73,1069.3,7.0397,0.87011,1.1695,637.95,-0.60374,4.1571E-05,0.066007
993.75,4,13.375,0.074766,772.09,1071.2,7.0415,0.87043,1.1698,638.4,-0.60483,4.1613E-05,0.066088
995.32,4,13.354,0.074882,773.45,1073,7.0434,0.87075,1.1701,638.86,-0.6059,4.1655E-05,0.06617
996.88,4,13.334,0.074998,774.82,1074.8,7.0452,0.87107,1.1705,639.32,-0.60698,4.1697E-05,0.066251
998.44,4,13.313,0.075115,776.18,1076.6,7.047,0.87139,1.1708,639.78,-0.60805,4.1739E-05,0.066332
1000,4,13.292,0.075231,777.54,1078.5,7.0489,0.87171,1.1711,640.23,-0.60911,4.1781E-05,0.066414
